auc_pr,mcc,f1,brier,category
0.8079765963860795,0.6080974399002332,0.7321309627575456,0.11919253036427047,Product
0.7597721060500853,0.5519328956381842,0.6925553219290238,0.1384487586842218,Process
0.6156109804476595,0.3871968756304761,0.5411171085380528,0.1855646320609446,Structural
0.47146425349417986,0.3299154606534785,0.5369959653272263,0.19675200057938463,Semantic
0.6204466164671768,0.42593241470524745,0.5533620160843391,0.17747940702803094,IaC
0.8796309984306449,0.6979390428946994,0.7916306375309283,0.09606759261098485,All Combined
