auc_pr,mcc,f1,brier,model,experiment
0.6411876833687095,0.311662847601634,0.4831581400513993,0.21364589125163733,RF,Cross-Project
0.611681616192216,0.2742129811018278,0.48722533185276595,0.28446245571509277,XGB,Cross-Project
0.629207187489128,0.3506912715014821,0.4794141559491919,0.2562786266226504,LR,Cross-Project
0.5797325656709412,0.2957933805317017,0.46279417700815845,0.2837139927481388,Feedforward NN,Cross-Project
