auc_pr,mcc,f1,brier,model,experiment
0.9298372373204946,0.2292731154411345,0.8538868538868539,0.1523080808080808,RF,Train:Others->Test:ansible
0.7965879671438353,0.3577663766047123,0.7037552155771906,0.20980961832061068,RF,Train:Others->Test:chef
0.8133577250262789,0.29974476305315684,0.7241379310344828,0.1950404255319149,RF,Train:Others->Test:terraform
