auc_pr,mcc,f1,brier,model,experiment
0.9784976386537089,0.77405201067071,0.920192704228293,0.07674724210526315,RF,Within-Project
0.9811504878052378,0.7818878224745341,0.9215021434476137,0.07792177969282366,XGB,Within-Project
0.9386157978873347,0.6223991608326159,0.8414068840113227,0.13298357657026344,LR,Within-Project
0.9451071761097227,0.668884803226578,0.8766582784680587,0.11164912881915681,Feedforward NN,Within-Project
